id,FirstName,LastName,Username,Email,Avatar,Gender,DoB,Address
1,Christiano,Ronaldo,christiano.Ronaldo,cr7@gmail.com,none,Male,11-11-1992,Manchester united Portugal
2,Peggie,Mosciski,peggie.mosciski,peggie.mosciski@email.com,https://robohash.org/idiustovelit.png?size=300x300\u0026set=set1,Polygender,10-2-1922,Hermannhaven Brent Path 6268 Tamica Oval 06895 South Dakota United States
3,Lionel,messi,Lionel.messi,messi@email.com,https://robohash.org/rerummolestiaeharum.png?size=300x300\u0026set=set1,Male,12-2-1940,Psg Argentina
4,Paul,Pogba,Paul.Pogba,pogba@email.com,https://robohash.org/football.png?size=300x300\u0026set=set4,Male,10-12-1980,Juventus France
5,Kylian,Mbappe,kylian.mbappe,mbappe@email.com,https://robohash.org/money.png?size=300x300\u0026set=set90,Male,1-1-1979,Psg France
6,Neymar,Jr,Neymar.Jr,NeymarJr@email.com, https://robohash.org/joy.png?size=300x300\u0022set=set10,Male,10-10-1989,Psg Brazil
7,Gabriel,Jesus,Gabriel.Jesus,jesus@email.com,none,male,10-2-78,Arsenal Brazil
8,virgil,van djik,virgil.vandjik,virgil@email.com,https://unsplash.it/30/30,male,10-11-99,liverpool dutch
9,Erling,Haaland,Erling.Haaland,haaland@email.com,https://unsplash.it/30/30,male,2-12-99,Manchestercity norway
10,Mohammed,Salah,Mohammed.Salah,Salah@email.com,https://unsplash.it/30/30,male,1-2-98,liverpool Egypt
11,Gareth,Bale,Gareth.Bale,Bale@email.com,https://unsplash.it/30/30,male,11-10-89,Real madrid wales
12,Sadio,Mane,Sadio.Mane,Mane@email.com,https://unsplash.it/30/30,male,10-9-89,Bayern Senegal
13,Raheem,Sterling,Raheem.Sterling,Sterling@email.com,https://unsplash.it/30/30,male,22-1-92,Manchestercity England
14,Zlatan,Ibrahimovic,Zlatan.Ibrahimovic,Zlatan@email.com,https://unsplash.it/30/30,male,1-2-87,ACMilan sweden
15,Phil,Foden,Phil.Foden,Phil@email.com,https://unsplash.it/30/30,male,12-2-99,Manchestercity England
16,Alison,Becker,Alison.Becker,Alison@email.com,https://unsplash.it/30/30,male,2-5-79,liverpool Brazil
17,Dusan,Vlahovic,Dusan.Vlahovic,Vlahovic@email.com,https://unsplash.it/30/30,male,10-7-82,Juventus Serbia
18,Paulo,Dybala,Paulo.Dybala,Dybala@email.com,https://unsplash.it/30/30,male,5-7-92,Roma Argentina
19,Angel,Dimaria,Angel.Dimaria,Dimaria@email.com,https://unsplash.it/30/30,male,7-4-90,psg Argentina
20,Raphael,Varane,Raphael.Varane,Varane@email.com,https://unsplash.it/30/30,male,20-8-97,Manchester France
